fire_id,fire_year,fire_cohort,area_ha,centroid_lat,centroid_lon,dNBR,recovery_metric_valid,recovery_exclusion_reason,NBR_pre,NBR_fire,NDVI_pre,NDVI_fire,recovery_0yr,recovery_1yr,recovery_2yr,recovery_3yr,recovery_4yr,recovery_5yr,recovery_6yr,recovery_7yr,recovery_8yr,recovery_9yr,recovery_10yr,recovery_11yr,recovery_12yr,recovery_13yr,recovery_14yr,recovery_15yr,recovery_16yr,recovery_17yr,recovery_18yr,recovery_19yr,recovery_20yr,recovery_ndvi_0yr,recovery_ndvi_1yr,recovery_ndvi_2yr,recovery_ndvi_3yr,recovery_ndvi_4yr,recovery_ndvi_5yr,recovery_ndvi_6yr,recovery_ndvi_7yr,recovery_ndvi_8yr,recovery_ndvi_9yr,recovery_ndvi_10yr,recovery_ndvi_11yr,recovery_ndvi_12yr,recovery_ndvi_13yr,recovery_ndvi_14yr,recovery_ndvi_15yr,recovery_ndvi_16yr,recovery_ndvi_17yr,recovery_ndvi_18yr,recovery_ndvi_19yr,recovery_ndvi_20yr,rate_0_3yr,rate_0_5yr,rate_0_10yr,years_to_80pct,n_postfire_observations,temp_anomaly_1_3yr,precip_anomaly_1_3yr,vpd_anomaly_1_3yr,temp_anomaly_1_5yr,precip_anomaly_1_5yr,vpd_anomaly_1_5yr,temp_anomaly_1_10yr,precip_anomaly_1_10yr,vpd_anomaly_1_10yr,mean_temp_postfire_available,mean_precip_postfire_available,mean_vpd_postfire_available
1985 7098,1985,1984-1994,526.67,48.185275333952234,-77.9583781441743,0.1921282458894747,True,,0.5302314723921399,0.3381032265026651,0.6425989699138344,0.3339648506712661,0.0,0.14104446733069506,0.3860911730162487,0.5075888068021466,1.055817554960362,-0.366915479348027,1.1375597985626478,-0.15855360904526955,0.9946591793297775,1.1730221712597513,1.441939844281027,1.4217835321639765,0.6276695880037245,1.0769077881680538,1.4821839934118632,1.0154067034309688,0.2222970547758514,1.5440588264395156,1.442103201307188,1.274739694749076,1.7323828283109064,0.0,-0.049729836649174915,0.45610008288928616,1.0632564938632407,1.22735839541255,-0.36683977367627324,1.2154097646168995,-0.23711572682020954,1.1516800942848262,1.1268960111970883,1.4041545669833757,1.178123435085381,1.0374441984018465,0.4679390781945526,1.31606480688899,0.885826954110817,-0.27840230726458187,1.3036058422553911,1.2149622749795546,1.1394743893920856,1.392142008235517,0.16919626893404885,-0.0733830958696054,0.1441939844281027,4.0,20,-0.8343862860675261,770.2257153283722,-0.05432114723831374,-0.6484898820591504,223.40719767920274,-0.04612539811005614,-0.4801293972033854,200.49776308810578,-0.027589752655382837,-0.23555527332324644,13.915025024509145,-0.008226783041379042
1985 7101,1985,1984-1994,228.65,49.05654199549099,-77.83402879130634,0.0101671643538781,False,low_or_negative_dnbr,0.4678628419787088,0.4576956776248307,0.5068664143663186,0.5594202307555524,,,,,,,,,,,,,,,,,,,,,,,,,,,,,,,,,,,,,,,,,,,,,,,0,-1.0227353529077507,626.819611466543,-0.0580935677230064,-0.798108869359097,425.2685985193854,-0.05722092019267068,-0.5417925668799249,178.75059338237674,-0.026072947915426303,-0.2914724695509697,133.70620699986355,-0.013534242946379959
1986 6155,1986,1984-1994,324.23,47.813988143937635,-76.93885977323026,-0.0127486916083982,False,low_or_negative_dnbr,0.4505900382366813,0.4633387298450795,0.4622433193235359,0.1820567786326751,,,,,,,,,,,,,,,,,,,,,,,,,,,,,,,,,,,,,,,,,,,,,,,0,-0.20844785165096436,319.93032118152445,-0.0175311205732323,-0.042617469722074454,113.96577999556129,0.00427301016317902,-0.19653045648666162,46.51998826119136,-0.010670679495523258,-0.10349288003392236,-57.261607907750076,-0.0001999319714611203
1986 7088,1986,1984-1994,18919.88,49.83700059029334,-76.13571785114334,0.30069973989302,True,,0.4140097134368954,0.1133099735438754,0.4218727465804788,0.3554803407564429,0.0,0.7079263933256782,0.4676384117744164,0.8573356455779582,0.6949345951239975,0.902639111289526,0.8821437744232203,0.9092124361663083,1.0457261375305071,0.5454520824706391,0.5716112860636589,0.6429017386519225,0.6235254275339811,0.9156975737815689,1.292538912095956,1.454682041572855,1.5002983797428429,0.5389801675665442,1.113859174627834,1.5000952682193547,1.149557282219342,0.0,-4.795506382871815,3.8838820542447072,4.3235337715541675,-4.238575952774734,-0.4415241484820299,3.6771022353242144,3.794266955283749,4.265525345322646,-1.883800589403722,-2.708075104309057,-0.9407594811558436,-0.23519811775384014,-0.47026691126662884,5.530928707227497,4.942712768147584,5.50107662099421,-2.1188812576744045,-3.1478858053299406,4.030792329039199,-0.0007953685987832026,0.28577854852598605,0.1805278222579052,0.05716112860636589,3.0,20,-0.4429581892491588,-400.516226184091,-0.017208070795739498,-0.21805724373241214,-589.1938239239482,0.0018238632340851601,-0.2727435307717868,-167.58776540377522,-0.004442876288951091,-0.1610557758787144,-230.18227520785837,0.0022711244590710106
1986 7090,1986,1984-1994,7541.14,49.99525901691649,-75.55746331828355,0.2183719685019771,True,,0.5036950970345165,0.2853231285325394,0.545939763270894,0.4669280150273981,0.0,-0.22458762185345987,0.31225802827485727,0.6100471413867707,-0.15294512710709926,0.15154637130710477,0.669668079426124,0.687631330627231,0.5633077416046781,0.4909284687797587,0.29420641556996957,-0.027831750803404803,0.18699434276171537,0.7055627124903429,0.02568451279743223,0.5001143798846857,0.5627529005682897,0.6339919737050296,0.4908142952542093,0.9559623716805788,0.8488687770238064,0.0,-3.659784519052065,-0.6455903363879817,2.2234183509729974,-2.9675517719620617,-3.9563653077379524,0.6903346793887054,2.3721560221443907,1.7281363622678085,1.4808997940777247,0.29446058033508593,-1.3369521704530174,-2.425165127378039,1.2334714703939242,-2.796637045579084,-0.9139262730036468,-1.2371818007079853,0.9638846508160056,-3.2652765435623676,1.4813493768764177,1.827426403687262,0.20334904712892357,0.030309274261420955,0.029420641556996956,19.0,20,-0.3823909690521881,-568.1124336451913,-0.0078123886544172,-0.1837412653632677,-683.544322677244,0.00799554851042222,-0.24934886646410592,-260.22406836363325,0.00018275313313299916,-0.15246299300993726,-242.97398605856944,0.004487456110530711
1986 7093,1986,1984-1994,2519.99,49.641705056548695,-76.18437056091436,0.2089507650102729,True,,0.4626603552347462,0.2537095902244733,0.4261620437473633,0.3533203889901163,0.0,0.12722010947136264,-0.29698493323902514,0.12246653436821196,0.7208031968984654,0.7400259863539383,0.44051578723726253,0.7397770372255037,0.8886362101016215,0.6868857016747921,0.12226023869605022,0.1222663591390123,-0.2332139688655724,0.7945039507312848,0.7768575457067272,1.281758793594979,1.4683844892369624,0.21604934705863085,0.6695385150283499,1.5054018653846164,0.8701927900964578,0.0,-4.394019401508788,1.1299780506015507,3.4343296318504817,-3.084250400878181,-0.5342991425646267,3.1681385629068837,3.811593750689412,3.8636595722813305,4.184236817965143,-2.6526002180003263,-3.5098608598532772,-2.8675896320769465,0.02972358393199553,3.8919775523490228,4.66825460092471,4.828181474939169,-0.37281055561718246,-2.196845698610332,5.044698743050127,1.9599397481705791,0.04082217812273732,0.14800519727078768,0.012226023869605022,8.0,20,-0.4606916885585155,-257.99668028712273,-0.022760631185971533,-0.2169686165408808,-496.1945604679968,-0.0026048477890413006,-0.2705974236498422,-181.15942897696263,-0.006777890541623951,-0.16026105638863547,-217.61864359251018,0.0007972078438682709
1986 7099,1986,1984-1994,7691.59,49.7310079271986,-75.45517809221113,0.3235676480501163,True,,0.5695515264157667,0.2459838783656504,0.6259899293968683,0.4784908879149107,0.0,0.2841752868836027,0.07221080247040304,0.5073776440950188,0.31440617608883514,0.5255152514999266,0.5619568643829176,0.5314903026382869,0.4833192402752742,0.39281731736508024,0.4170320067823264,0.6042687199623081,0.21781768383504152,0.7307628802020689,-0.017835534184163986,0.15121130629636428,0.7065150216545836,0.5496867824879025,0.5134157397212736,0.8514450116548854,0.8031834368036432,0.0,-1.747529323116509,0.23862347987996205,1.165546219584019,0.38379491948919814,-2.9663392802094286,0.6085336412367186,1.0859540970282782,0.688773033409077,0.00029798974195780235,-0.9406230519363944,1.019508085410283,-2.690032156817086,0.6091251949725633,-2.105685743470146,-2.688466962068005,0.8212714989591232,0.4380100387047969,-1.4300370568054432,1.2981280392794945,1.191809506201476,0.16912588136500628,0.10510305029998532,0.04170320067823264,19.0,20,-0.403844456012939,-375.15952475317675,-0.01283733237058673,-0.19023286831995256,-541.8416744995491,0.0034300333661625828,-0.2444472414850388,-218.1299315504362,-0.002313079183037388,-0.14984306734191918,-224.70878109693348,0.0031932810118451248
1986 7100,1986,1984-1994,256.59,49.69175151724237,-75.82901778895389,-0.0556185242717464,False,low_or_negative_dnbr,0.407421056444895,0.4630395807166415,0.4775377945161072,0.6271201799664908,,,,,,,,,,,,,,,,,,,,,,,,,,,,,,,,,,,,,,,,,,,,,,,0,-0.443530800492292,-379.65006566863076,-0.021426259102035505,-0.20837309740590831,-583.7852535899574,-0.0021379511591996026,-0.25741055460943335,-240.9699409545843,-0.005680484818994804,-0.15553122983462267,-249.68907440705894,0.0011073559198777887
1986 7101,1986,1984-1994,57626.02,50.040655213097885,-75.77386716299387,0.3554423918396616,True,,0.4687991133325158,0.1133567214928542,0.4180062755114072,0.339817035073719,0.0,0.5054770486311329,0.4394288678510492,0.7248005837422399,0.3733521100497168,0.39533094966499865,0.7413140111769793,0.8570220113766926,0.7908509279197293,0.7690477544409238,0.31301033437151105,0.7910892213060611,1.01635594736593,0.8735736716265704,0.6756619586862128,0.9943523433333902,0.9504763688804528,0.7305734885767815,0.8515074494250848,1.1591294713362639,1.0602002503254255,0.0,-3.499469958913726,2.497854840695632,3.772171726054665,-1.997929285696475,-2.5976262011211184,2.673484006048881,3.997729029764861,3.397928367794517,3.2980482017777057,-2.8980932176537237,-3.9950278004731965,3.6970527080294406,1.6987013789398622,2.0989690718052425,2.72302581126825,3.1230712916335435,0.5996491931329069,-1.9980228618818072,3.8723280735241614,3.798172889092318,0.24160019458074664,0.07906618993299973,0.031301033437151106,7.0,20,-0.4011239010821989,-593.4575605744488,-0.009529360441013799,-0.20117360506320203,-682.2280150959609,0.006850621641005181,-0.26159480431257487,-226.51023710312558,-0.0004922377754912416,-0.15659895102080185,-245.8543024059953,0.004390701565733429
1986 7106,1986,1984-1994,38099.2,50.13702619425429,-76.0781240474334,0.4296181081983609,True,,0.5194858605601358,0.0898677523617748,0.3789033523136395,0.2770992184467387,0.0,0.6682677907488125,0.5456379383935084,0.7271360598581862,0.4864027507202991,0.6500496495820497,0.6722004195387464,0.7818853695051733,0.891022420241138,0.5272397113581637,0.4952511921098707,0.7638568171328757,0.9411136373979851,0.8045653696766983,0.8227199750993293,0.9637842981013709,0.9455088216396287,0.731818057562618,0.7409028554998607,1.0408608597615585,0.9272964878645141,0.0,-2.2180953929856524,3.3792854333178024,2.9765289436065943,-1.9170303870003373,1.3072604853380085,2.938087659833107,3.5330065556014163,3.7633685278653775,2.3048912607974525,-1.5330378053360427,-2.3788894166474055,3.609793856420059,1.3837326713648028,3.379036431404787,3.686353893292787,3.762623878640036,0.002218609913376648,-0.8420257534191976,3.436453266190808,3.302771123659522,0.2423786866193954,0.13000992991640994,0.04952511921098707,8.0,20,-0.4142902142165084,-638.4813161019487,-0.009970994341142967,-0.21832246440272435,-708.0720283735898,0.006790817079964059,-0.27434186117951737,-202.83186819008046,-0.00017443127944845107,-0.16464783715363535,-251.3106310210977,0.004015416314040317
1986 7115,1986,1984-1994,7902.81,50.18724322441252,-76.39799935321682,0.1540295595751559,True,,0.5000827882682362,0.3460532286930802,0.4931403190174288,0.5370383213179069,0.0,0.6316183913202778,-0.1922384600908895,0.4534854535305087,-0.3829967525288786,0.4290789578054598,0.6066385161526122,0.4300328182872507,0.6569315452641592,0.910897950528168,0.09940102573036723,0.9108597449794549,1.0369788337325603,0.40336407518210415,0.45415111374613887,0.4287050936068136,0.606288033111996,0.22599777614115577,0.3274119752631783,0.9616610124841902,1.1900414111081077,-0.0,11.466005658816727,2.4897681350172087,-0.08780892341296141,10.232445260835412,0.6217972430189747,-1.0699120621875642,0.3539867644862493,-1.3369231538493052,-3.116552056827857,4.49362638414994,11.08080944634259,-2.404527673185484,5.3380288942095975,-0.8465064877604378,1.689570456795773,2.044319670541514,6.671311495146852,6.271099354125693,1.3320059416206547,-3.2064552257663674,0.15116181784350288,0.08581579156109195,0.009940102573036723,9.0,20,-0.43535292461561853,-628.2490053738159,-0.011097914278503533,-0.2358644578146961,-623.2622249527092,0.006642770111050381,-0.2864145552618413,-171.70854793611858,5.442620734603908e-05,-0.16878701369498655,-235.029677554098,0.00390929068807075
1988 7169,1988,1984-1994,912.38,49.70557798620448,-75.83916575967676,0.0994396563469802,False,low_or_negative_dnbr,0.3377138130940994,0.2382741567471191,0.3497212111039331,0.5177362054302125,,,,,,,,,,,,,,,,,,,,,,,,,,,,,,,,,,,,,,,,,,,,,,,0,0.011769205309410502,-963.5019861076681,0.023815123912629965,-0.39445685480335674,-674.9463102488681,-0.0032117573454720216,-0.19460757312375293,-345.89562024612314,-0.001732854940059573,-0.13365987099695187,-175.4987491942677,-0.0011841051429191383
1992 7079,1992,1984-1994,2007.52,49.76388876584899,-77.71544814331487,0.2146666961430248,True,,0.4003316594326553,0.1856649632896305,0.2540223328936885,0.3183300776504696,0.0,0.06270218662058841,0.7553636841756456,1.182368873268405,0.7279732716902264,0.5996161355189006,1.3636987882143112,0.5261625595639683,0.6365087373953798,0.9638735115869662,1.291340651001081,1.2181547331671665,1.4185474105016227,1.6557311057687287,1.5455193201804334,1.3090501099547616,1.3639812592380993,1.2366066103291593,1.2550235094030209,1.1278753098987304,1.0003662464248264,-0.0,-1.4564429250485549,4.042112099369285,-5.772357521459577,2.977556777035282,-2.8534899755476824,-5.041851228395644,0.3040016705683704,-1.9109571767602924,-2.5205297594145364,2.9763738926142485,-2.6137530437269527,-5.162289193303635,-5.40778850938369,-4.071560126189469,-2.8861283295214153,-4.310518037143753,2.8542404521461933,-1.7627022041450424,-0.6025893460033478,-0.5789026498837258,0.394122957756135,0.11992322710378012,0.1291340651001081,3.0,20,0.11902041151135445,359.72929937427756,-0.006064894250014071,0.014519687390675861,296.75165927704694,-0.013585054737964421,-0.022648084643575882,34.933234092048494,-0.00803106925091307,0.0532666534687116,-82.43676673000095,0.00018198760755830934
19951080515,1995,1995-2004,130.0,49.93315701026437,-76.1214616072561,0.2279531742662532,True,,0.3848000241907261,0.1568468499244729,0.5721763105804959,0.141361630919257,0.0,-0.11790627352043828,0.985876456528805,0.6395955425697889,0.71029891651878,0.7438434375116973,0.7428510572076447,0.331033257820548,0.1485117555123715,1.251561198319628,1.1366178343080187,0.7723236696847472,1.068044688695525,1.343141268584102,1.4244845731722573,1.5474788037454543,1.7916666824234406,0.9358834338878357,1.6634912023460022,0.6602564977540286,0.6779652672962202,0.0,0.21133241978503195,-0.060804758668533944,0.8908231632527135,0.7100092640824864,1.1013097200924733,0.6483936090435373,0.9099072360303758,0.00943346697268903,-0.1598760051443792,1.1630051259943002,0.24346337427163725,0.974044653254046,1.1717796114879486,1.2789325185802325,1.1550049256872241,1.3107802167180542,0.3863401037836678,1.374062759174668,0.32939427586409126,-0.04131629314132481,0.21319851418992963,0.14876868750233946,0.11366178343080187,2.0,20,-0.01190041021448233,42.19354663339315,-0.002298485083974101,-0.2115840294510903,22.899547224662093,-0.01892214339426926,-0.06125623223862107,-130.00689631126073,0.0029460404444507705,0.009707488414746026,-75.93951835634604,-0.001946773166042164
19951080996,1995,1995-2004,47709.0,48.88909162474522,-76.37629736659312,0.0229506168493549,False,low_or_negative_dnbr,0.5664647380895191,0.5435141212401642,0.6230704424637743,0.6837265939001297,,,,,,,,,,,,,,,,,,,,,,,,,,,,,,,,,,,,,,,,,,,,,,,0,-0.08925128862287805,-34.686021415030304,-0.014254393518366432,-0.23899772628544252,-3.1594392194784633,-0.026068455598427437,-0.07002686936893032,0.14641295522510517,-0.00378547844075752,-0.021139887733145936,-11.762134528907039,-0.0059342097085589105
19951081068,1995,1995-2004,129.0,48.72614632180551,-77.9071620116888,-0.0237455045259561,False,low_or_negative_dnbr,0.5955712698953206,0.6193167744212768,0.6554697541375772,0.732448257902901,,,,,,,,,,,,,,,,,,,,,,,,,,,,,,,,,,,,,,,,,,,,,,,0,-0.040700010861764724,-316.83464861490256,-0.011212084530797835,-0.23856153902800373,62.55945312397826,-0.032503594865979216,-0.026267312920609243,90.62028780781483,0.001953992450580827,-0.017372675218447844,26.435307689360798,-0.005807637124439397
19951081084,1995,1995-2004,6925.0,48.658623331136546,-75.95534027646326,0.0309681021685894,False,low_or_negative_dnbr,0.55088220170932,0.5199140995407305,0.6113261117580985,0.6522871814798776,,,,,,,,,,,,,,,,,,,,,,,,,,,,,,,,,,,,,,,,,,,,,,,0,-0.14200769539006228,-67.67174406474965,-0.017038892084314403,-0.26883238144147653,-2.928165734597542,-0.028098235311879938,-0.08915552507630062,-3.83857516202911,-0.006009907439738449,-0.032523727691753566,28.397742942604488,-0.0074923272737518615
19961080302,1996,1995-2004,1088.0,48.84667981558052,-76.65210441308228,0.3277754103496217,True,,0.568424344165906,0.2406489338162843,0.5976397358396629,0.4160173339551545,0.0,-0.5779797488424775,-0.6327460289652065,-0.013660801545443264,0.41597427719003094,0.04673777174847202,0.3327701886802289,0.36818662156481063,0.3924246636985675,0.5702814346454363,0.4400452242664522,0.5591225098569854,0.6186640499646324,0.4393322872452041,0.6304837481459986,0.67805012127893,0.4392400424513096,0.7967883404028537,0.8448921294437768,0.7258933635765349,0.904254798928319,0.0,-0.8597396520987769,-0.021055770162834823,-1.796648061946636,-4.108181334447401,1.0318202466611677,1.0974780453664839,0.6450707043127576,0.7518136681476999,0.9021812357844675,0.537880258043356,0.902884830059801,0.39680754725470935,-1.1088012537508942,-0.04440954126492745,-0.6448528986959952,-3.303220303950652,1.613047988666898,0.6457189335194449,1.140201441140496,1.3969313252274638,-0.004553600515147755,0.009347554349694403,0.04400452242664522,18.0,20,0.08412317054858913,-47.571858183092296,-0.010060157408722702,-0.1943554776878244,-286.61894394894415,-0.016876109916478182,-0.04761461405362581,-88.47489643562554,0.0036318870582215195,-0.025309471692440855,-39.56363178032113,-0.006793863013308876
19961080399,1996,1995-2004,881.0,50.00459098335045,-76.44000113717601,0.2966680271369631,True,,0.486239817495294,0.1895717903583308,0.5527869428728514,0.1540189023548214,0.0,0.39393097119854337,-0.39608831960965135,0.3157418794135439,0.11848315238073188,0.5004506097751991,0.6842640065749833,0.5398788308291597,0.6840106024870313,0.9343717125524037,1.0008123782129221,0.9078736716762315,1.1194233556535393,0.8289405990687163,0.8686870137377113,0.8685149595732206,0.6706509990721019,1.1321054297570476,0.9083284801655197,1.0925465978448845,1.3555466713464581,0.0,-0.17329546561869166,0.6865972491741343,0.1667976900468327,0.7547438689907154,1.0484190303460583,0.9217392641938452,0.45119097782488826,-0.16131446556282567,0.6473131470090321,1.342894948994829,1.19554974508305,1.1172880768549278,0.5003580745707191,0.842911715440862,0.5589563594717283,-0.13991529027407765,1.3721443084794618,0.6181520198152956,1.2255962448475617,1.5095283703724156,0.10524729313784797,0.10009012195503982,0.10008123782129222,9.0,20,0.08970097133823485,71.87833278263763,-0.008407334734057666,-0.16533619525244392,-247.1746359556747,-0.01675274995941798,-0.04757780184960824,-304.4661958315236,0.008503996200618619,-0.0010948420296121308,-106.10802011669224,-0.0049823866963573165
19961080536,1996,1995-2004,6862.0,50.294283458815954,-76.2048146362308,0.2112463776931625,True,,0.5253518603596903,0.3141054826665277,0.6543075703988042,0.0598432517642346,0.0,0.9724932224905989,-0.4058557240539624,0.09248243353064617,-0.12859449024063038,0.18573221217563246,0.14923611440279808,0.09392298243484799,0.10774392827474721,0.5752333647751684,0.6108726346366298,0.3523278499955116,0.1301784479148017,0.24615394817224912,0.39421781166617004,0.9080290852672048,0.22282833173025368,0.8526897395144443,0.8015043616919879,0.9126998976642358,0.7977855508430339,0.0,-0.06791907281490059,0.9008205198478787,0.4614295075575766,0.8820074742309287,0.6647170703061303,0.5663608093108912,0.2444158042243455,0.2774439548533483,0.8624095947096196,0.960507833321951,0.5469339365840924,0.38887773872328296,0.06811586871214016,0.303370293365187,1.01342215450781,0.20786231937734553,1.1245020209945729,1.019887327610294,1.0195806685426188,0.6651062317944177,0.030827477843548723,0.03714644243512649,0.06108726346366298,1.0,20,0.09715346409836546,156.6487822671005,-0.005858826143022334,-0.1553504528479111,-153.152065418849,-0.01603686664599146,-0.0586959043774821,-277.2156978824846,0.006862455455084649,0.00077193145257414,-78.1019448916445,-0.0057383253305044665
19961080651,1996,1995-2004,4130.0,50.18051397610666,-75.86210334401093,0.322222750667368,True,,0.5556282790021875,0.2334055283348194,0.6504910499511471,0.1072723011278493,0.0,0.790237541780036,0.016367565693860556,0.33734027530602945,-0.07592072746501363,0.32485947707700147,0.3242024289732849,0.020701400481854995,0.17910242637879836,0.6395616821684629,0.38473887186467026,0.5426065083999158,0.04496974587793239,0.4764583608201681,0.6394035383958976,0.7602591767781193,0.44850889014644657,0.6149548100224801,0.7731476711422386,0.5301195705952456,0.8546383010347764,0.0,-0.24649926460503935,0.8630566434858776,0.485725077509668,0.891873698504873,0.942462482838487,0.8920894988049796,0.3095622448440774,-0.0005929739525358047,0.9062060649659398,0.5825424721123786,0.5899100468095786,0.19723023053524819,0.860159098688028,0.9637177681083097,1.0215586868986282,0.2263495953123703,1.032210292934381,1.0714625441339278,0.4607742035477461,0.6044113109704115,0.11244675843534314,0.0649718954154003,0.03847388718646703,20.0,20,0.07319934006475781,153.0884300514593,-0.009072840834610534,-0.1613978378553876,-209.9858911726871,-0.017627487044689458,-0.054393709247235945,-260.38762805083127,0.00845217372378955,-0.0008123040775146861,-76.93427208363997,-0.0056510948372937185
19961080668,1996,1995-2004,816.0,50.25215675832303,-76.22988235042439,0.1989743946032713,True,,0.5135898894688204,0.3146154948655491,0.6269457578788066,0.0879470054454283,0.0,1.3826743152555148,-0.0794043606844306,-0.07923189668183012,-0.03964387517323945,0.21481808605326594,0.09680460081829252,0.27394825761177194,-0.07879203363094997,0.7458309737431168,0.6468868694321633,0.17547620569011993,0.45057032953350445,0.3138412177604195,0.5301612483820347,1.0015507976127966,0.2144653294706591,0.5882112121604764,0.710361851603703,0.7065476762267763,0.7656830908449714,0.0,-0.12792673708213065,0.9931693654693148,0.33287807109050765,0.9563231764069525,0.5725638167522323,0.5799822517782068,0.07215028675621968,0.3115679395176619,0.8191731797006097,1.0649206888608014,0.5654454277361027,0.8114073013408932,0.311364334443237,0.26056359563299264,1.0726037184452035,0.060741280137762824,1.0869419169723091,0.8333342383808872,1.0650905895844531,0.6013802473225529,-0.026410632227276704,0.042963617210653185,0.06468868694321633,1.0,20,0.10091768670198614,148.34558326448334,-0.005372428120076467,-0.15340554656612007,-155.88062269181017,-0.01567615486976472,-0.0578262969491508,-278.3957476203019,0.0068677037700839395,0.0011428849132752202,-79.9130773344388,-0.00566793654985121
19971080207,1997,1995-2004,5355.0,50.326633081147506,-77.5126215107155,0.251920409393481,True,,0.4199620893598424,0.1680416799663615,0.1464625431910517,0.4492301950609649,0.0,-0.6515034203230442,0.2478224441868622,0.09294951844013495,0.06934408106869668,0.5346224357643516,0.44171355556666697,0.6896511064159818,1.2015901620065483,1.147059798632512,0.6277946098415293,0.9843176896039005,1.0152162530036146,1.1086671940092345,0.42596071916958744,0.9996269478188866,1.2790293271910183,1.5590818172412417,1.418554965255962,0.9682166393559377,0.7830188585674626,-0.0,0.3869099867106813,0.6453869451360704,0.46422871106957114,1.1355527914585368,0.9289742136208387,0.7744589077402592,-0.18050542533626565,-0.6966292847902906,-0.7226998148949857,0.3872081328224506,0.825759298789594,0.6776648146284622,0.3618574643360172,0.9292777256812947,0.9287860699905597,0.1293480641840465,0.019334769757762264,-0.6967121811227821,0.9091762146710582,-0.05156732045246572,0.030983172813378316,0.10692448715287033,0.06277946098415293,8.0,20,-0.11455689834370109,-187.9820956764454,-0.006377434776712633,-0.027968098465943773,-302.2500003570653,0.0026424028363318,-0.03996953835854879,-174.96673558166796,0.00994984554561075,-0.026824329308719048,-93.99730859978368,-0.005478986354154639
19971080232,1997,1995-2004,2557.0,49.74724343861713,-76.29138417327283,0.1908840624763025,True,,0.4898077852155666,0.2989237227392641,0.5526338139880762,0.072090543217554,0.0,-0.5943916846144617,-0.2866402626815309,-0.3527196448503011,0.38714076931946817,0.49065223578889167,-0.18467433759859653,0.36254366153481604,1.064024141294966,0.7154341908884204,1.0431375524549034,1.0438908530428248,0.8388328504740568,1.1046543008831782,1.4116577412624964,0.8797188574026091,1.5340665043700807,1.5757637395720685,1.451957132791584,1.6777771762100226,0.9818274637376552,0.0,0.2444817977068399,0.2970576405619966,0.9313531186979624,1.1139080990381949,1.2361199484672531,0.26865656198799426,0.28477188613768356,1.2196882822093795,0.8986977113378977,1.1872854009297773,1.3008241153555309,0.2318048153724915,0.8213240036213593,1.3496760026399632,-0.04464316527784718,1.4635580678559923,1.4188053852964306,1.3335819902996822,1.4474136681712078,1.1627089773930674,-0.11757321495010037,0.09813044715777833,0.10431375524549033,8.0,20,-0.2659642032286292,-150.0945810329686,-0.03139600217392153,-0.0837853146505944,-401.97312409946625,-0.0038685908054321774,-0.027519861426108544,-231.48914263310962,0.01536564194552736,-0.03420543832646759,-36.03236000381155,-0.005923530906224317
19981080225,1998,1995-2004,4130.0,49.29997011174069,-76.86471954166912,0.435452590993128,True,,0.5643555097365144,0.1289029187433863,0.6544071488591907,0.2441115799118575,0.0,0.1973528582408499,0.25126260443902665,0.5425939897385419,0.7131507650659134,0.3900944801493962,0.5608526415262185,0.9015532443533004,0.8835071229454403,0.7937947790012789,0.8836025731330603,0.6323424331308105,0.8298210474386841,0.9554965927154937,0.8211061520430586,0.6414005248179038,1.1170958501445174,0.9912312833563214,0.928348305734133,0.8656240094233055,1.0362451370641597,0.0,0.2666178224714823,0.14290116731787014,0.8380737265720478,0.8665423958796992,0.07588771357676968,0.5572160710380761,0.9042318459653471,1.1043572880105486,0.8614701894168055,1.057014361658959,-0.03847148385548655,0.11436457787575602,0.780711550309813,0.4423640427040468,0.19023121825814665,1.2662751129831042,1.152011223885916,0.8952441098845182,0.557242366463773,1.1807433403115812,0.18086466324618064,0.07801889602987924,0.08836025731330603,7.0,20,-0.21358513297153955,-135.0982084513172,-0.018794613402000903,-0.18618959241229974,-71.34605440450302,-0.0084049465773666,-0.07001423979769292,75.8508519423687,-0.002322536708873807,0.02199528053336333,3.513964358037532,-0.0002310900438686432
19991080950,1999,1995-2004,339.0,48.117213682180775,-78.36434934880326,-0.0447078443235192,False,low_or_negative_dnbr,0.4697270060441694,0.5144348503676887,0.5601240014257464,0.5445203500645835,,,,,,,,,,,,,,,,,,,,,,,,,,,,,,,,,,,,,,,,,,,,,,,0,-0.31738811944417716,-335.1285748140481,0.012052052060188369,-0.5256615652554288,82.22552200782202,-0.014987746048833139,-0.18946946116460736,286.0375555384938,-0.009873177630526876,-0.00015914612921932582,72.35158883037857,0.0010611554763835223
20011080405,2001,1995-2004,256.4,49.70480833728018,-78.48090165117655,0.1142934347594632,True,,0.344733656215231,0.2304402214557677,0.3302155822511298,0.1504122677641758,0.0,-0.11956198469025314,-0.6328494091758885,0.08596563354846318,0.6986465544401796,0.8720654932238779,0.8963660101994742,1.3859984116242763,1.347722159645055,1.4850423938436428,1.6320537872461014,1.2796928623496318,1.0331802421896514,2.03271631340467,2.333141216919399,1.0099771594938147,1.965098010585768,2.2308166842145623,2.6399782128817453,0.539254555169344,2.624124113650165,0.0,0.4998980035505834,0.5701824311942677,0.9340205928313888,2.367652478169381,2.2163714911209165,1.0646451150017502,2.06354766342928,1.1086011467625287,2.627930244623835,2.2596751642286073,0.9690308812787612,1.713615685655654,2.628091427355505,2.8836315648561293,0.9989270152087802,2.6512278938982092,2.932866182465597,3.0853395183775447,0.5424902282054824,2.976634028587025,0.02865521118282106,0.17441309864477558,0.16320537872461013,5.0,20,-0.6976526951444283,435.80917533296906,-0.04453940002713214,0.040759843251944775,80.51734397314496,0.023588227681232914,0.019083246439940905,-139.45486615953007,0.0007122546520985651,0.15627387195777825,-16.268404493196233,0.00648998731800495
20051080355,2005,2005-2014,244.08220654,49.31871946205053,-75.50624885618394,0.4417195273750095,True,,0.5839864134734691,0.1422668860984595,0.6582098452308743,0.3810924800143381,0.0,-0.08702144596684565,0.24815251332923574,0.30105667807408243,0.47883824799348756,0.637286085721891,0.4611340967784346,0.231111936092931,0.6200761036797738,0.7436680235048034,0.617484488150343,0.7172086274395792,0.5576323510769509,0.8056386864266486,0.6817532980748516,0.7092109589700594,0.9230364261598993,0.9891620065222725,0.23917232779722047,0.5228308348394456,0.43343492655340843,0.0,0.06975009873741715,0.49295259348506903,-0.41115892285387956,0.12564769101378265,-0.9452781260125425,0.5345236434042968,-0.629161692876432,1.211779389745272,1.1406881508443474,0.5208364251944085,1.0720066344319568,0.6594131534947889,1.1556660171851374,0.8162391618450735,0.957783631235285,1.2957131215217292,1.2391885578904067,0.4493434808689609,0.6488838568362637,0.7187988291009207,0.10035222602469414,0.12745721714437822,0.061748448815034294,13.0,20,-0.06542975742588458,-156.06799690527438,-0.01808712971151613,-0.07273726839566527,-106.26231992450865,-0.015239031207378762,0.04573170758675947,-17.04743474840086,-0.009885146869322868,0.3547773587338966,202.86403094035904,0.005662356058899751
20051080374,2005,2005-2014,1122.49200649,49.92604651264526,-75.48194742713852,0.0469973840240235,False,low_or_negative_dnbr,0.5059947241148706,0.458997340090847,0.5371660407916916,0.6699471776150446,,,,,,,,,,,,,,,,,,,,,,,,,,,,,,,,,,,,,,,,,,,,,,,0,-0.03801387101324293,100.49567809364366,-0.013286470008496374,-0.05124477345931315,-91.9334830489894,-0.015244340691379666,0.0876980952018714,-40.888035679934994,-0.007770695126090352,0.38546517737476343,78.29936826163987,0.008463088825399671
20051080583,2005,2005-2014,3141.66528479,48.82830090144458,-77.0108461516439,0.300655933953526,True,,0.5721857380197667,0.2715298040662406,0.6738145538670268,0.4277823086482273,0.0,-0.9684652763872204,-0.7019158176234738,-0.29910359438647544,-0.09105373708482416,0.15598403031580899,0.35040242505803154,0.3635036891548567,0.27294220854181434,0.6235565288262785,0.5714147820340545,0.7794208492349464,0.7405290155905118,0.6623622653995037,0.8312718453411824,0.24356793114990913,0.6366330751911071,1.0911739164799374,0.1948550295198577,1.0522036101070507,0.9355482637342503,0.0,-0.6988986485162053,-0.27036519004053194,0.1263853773446872,-0.41294705943083954,-0.7624591751770424,-0.8256746313265978,-0.6111171863175461,0.7303129842234544,0.8890728997950722,0.6827919449045808,1.1269899402560855,1.0159148774729696,0.8096178448903216,1.0638290507539585,-0.9368674543811063,0.8252201781099077,1.4128842698785173,-0.34934214798116725,1.3496004421810013,1.270014233587061,-0.09970119812882515,0.031196806063161796,0.05714147820340545,14.0,20,-0.1044592124828444,297.01154910053566,-0.021627729138770296,-0.08499158776324926,70.31186663561155,-0.014557706676084498,0.02114496369292883,-49.12837130403068,-0.00849200619094055,0.3167997377506198,20.413344603182942,0.004528196077664921
20051080653,2005,2005-2014,1489.45362486,50.199120231899414,-76.8437138543693,0.0154626976552489,False,low_or_negative_dnbr,0.408192606395404,0.392729908740155,0.3419635705205469,0.4567972122018041,,,,,,,,,,,,,,,,,,,,,,,,,,,,,,,,,,,,,,,,,,,,,,,0,-0.022365883081672644,-96.70493845014016,-0.014970356809699764,0.0203829831535861,-315.9393936855421,-0.0088565325405091,0.1286875774748098,-132.192593366156,-0.0022063483744344664,0.3952477626438292,38.09429823192715,0.010113289346844306
20051080691,2005,2005-2014,379.078920262,49.26481758567402,-76.5157234541866,-0.0347682035543595,False,low_or_negative_dnbr,0.4199771364278317,0.4547453399821913,0.3925665734850192,0.6074973801982227,,,,,,,,,,,,,,,,,,,,,,,,,,,,,,,,,,,,,,,,,,,,,,,0,-0.0907950510341406,396.424740418116,-0.020060212523467662,-0.06038974817247955,99.73871147598905,-0.011808023414087054,0.05021019903358166,-86.41049352420234,-0.006161330111303398,0.34164071831726417,129.84982299460177,0.006841762639006358
20051080695,2005,2005-2014,4924.15304877,49.39736441369288,-75.5829540926639,0.1562566946156182,True,,0.5449118463989232,0.388655151783305,0.6386049828612708,0.6348352857578783,0.0,-2.4123668722529503,-1.861741482237923,-0.9124860871238973,-0.9499523476254301,-0.5998736493115647,-0.4997484047505959,-0.4501278850552969,-0.32412901348402445,0.17559075486180908,-0.07517235589237965,0.5752809333621692,0.2753255811227405,0.6501551000653711,0.40046310017258274,0.6252142688758762,1.125039116914856,0.5252244563867733,0.8876441622797069,0.25013871974357804,0.2504057809242691,0.0,-90.16845188998877,-76.69194224504524,-117.63657155304891,-69.96799522496366,-102.59422422890648,-24.88336387341451,-134.1974495337925,4.116394376770335,-1.0435074751927957,-45.60123110469621,11.391420312210085,-2.072105939798914,8.255562726146177,-20.7493866648884,5.1657895866946255,26.927420573906204,-54.95866386787436,14.500083683461646,-27.999231051921353,-2.084296962099994,-0.30416202904129913,-0.11997472986231295,-0.007517235589237965,16.0,20,-0.0696585172681609,-121.51054462543686,-0.018009067643594733,-0.07095558963449719,-79.70822743351897,-0.014827299653491638,0.0474029949224017,-23.903948086643744,-0.009493612380640528,0.356268022582172,191.4972183846058,0.005818993050433048
20051080742,2005,2005-2014,638.528462337,49.37625535046806,-75.33171996660937,-0.0447426993192423,False,low_or_negative_dnbr,0.3964490803871751,0.4411917797064174,0.2635970113454122,0.6661044915493507,,,,,,,,,,,,,,,,,,,,,,,,,,,,,,,,,,,,,,,,,,,,,,,0,-0.05727419922317975,-198.05355433711233,-0.017223972726354998,-0.07194382119293577,-159.8926295213043,-0.015177926215515596,0.04850170117069156,-16.556144160606937,-0.010200328140481076,0.35666118278595177,206.54174857459438,0.006316227161770316
20051080768,2005,2005-2014,154.16764101,49.112264637481864,-77.9616239663096,-0.00356035830761,False,low_or_negative_dnbr,0.4123938846580928,0.4159542429657028,0.3457816884047476,0.7166838918265545,,,,,,,,,,,,,,,,,,,,,,,,,,,,,,,,,,,,,,,,,,,,,,,0,-0.1589908793352516,330.19690381647325,-0.03011785306899767,-0.11072765295055972,36.94620343574498,-0.023246103014594125,0.018013254801429922,-164.49847574912343,-0.010509306721994398,0.3017630967540967,27.454338204085683,0.001754264324703015
20051080797,2005,2005-2014,213.756777452,48.69530700623441,-75.77072556498383,0.0661492690125868,False,low_or_negative_dnbr,0.4824395766351819,0.416290307622595,0.3808003122124417,0.4513081602003407,,,,,,,,,,,,,,,,,,,,,,,,,,,,,,,,,,,,,,,,,,,,,,,0,-0.10685659491497529,177.172314670296,-0.02768984858361977,-0.11861339513805973,162.57661115406535,-0.0210991683049241,0.021578061753423583,57.542818074346904,-0.01037042397812883,0.33277408662049907,223.01850548321462,0.006715632443768642
20051081299,2005,2005-2014,1353.31869645,48.17984563720563,-78.51278151425139,-0.0930723556387209,False,low_or_negative_dnbr,0.575912970028946,0.668985325667667,0.7050156346839626,0.7762834196198498,,,,,,,,,,,,,,,,,,,,,,,,,,,,,,,,,,,,,,,,,,,,,,,0,-0.19333480153106208,1011.2619682678196,-0.057964864502024406,-0.15700733903525405,347.7352386653777,-0.03469945156043304,-0.06949099112247765,119.1553034545691,-0.02376724103562891,0.25942544142405166,20.070662066930765,-0.0015027329275877537
20061080486,2006,2005-2014,679.098554854,49.57711708344799,-76.70840301922433,0.0586563462161037,False,low_or_negative_dnbr,0.4277489078133282,0.3690925615972245,0.3651499141862813,0.5957473475842775,,,,,,,,,,,,,,,,,,,,,,,,,,,,,,,,,,,,,,,,,,,,,,,0,-0.40586681115338824,616.727303185487,-0.06897436014851237,-0.027916885449685135,141.42140567708185,-0.023220253251893957,0.017413078013252373,108.63886434826993,-0.019835110946300583,0.3490045197576892,130.53980118732886,0.002241530965239527
20071080193,2007,2005-2014,1181.48907462,48.25716183576918,-76.39055215697803,0.4336188308776204,True,,0.45901520845039,0.0253963775727695,0.537022106627632,0.3143541982707684,0.0,0.4501543817792975,0.5857411402275756,0.5404874136620598,0.7113270975998272,0.7025964547069954,0.7745023705278677,0.9096370036510592,0.7653436301246196,0.9278195953193034,1.1439192156517397,1.2792203100005908,1.3154363465488916,0.8735701579373101,1.3150530933209623,1.1798140897312162,0.9727950413413158,1.4412911407831863,1.4684046452007056,,,0.0,-0.6932247831099437,0.03530681322109843,-0.4384245684183647,0.38660082767003073,0.8171122498220212,1.210324676341874,0.5445943544354934,-0.06033193923200552,0.2813294313091543,1.8424235953019203,2.0183410064698153,1.965135375091145,0.8241239216676857,1.7898332153362484,1.7027058036525238,1.1420382503145812,2.192696072729619,2.245951655147699,,,0.1801624712206866,0.1405192909413991,0.11439192156517397,7.0,18,-0.23827848373019841,416.5990663659991,-0.06828284355496418,0.17313383349805922,137.73218423753775,-0.009636144885902215,-0.09680427649834,-42.741773708641404,-0.02675446784247325,0.33004178054765576,105.24156072914577,-0.0007601525582450503
20071080254,2007,2005-2014,53351.1275417,48.18445925464699,-76.46495330047061,0.5312418679674216,True,,0.5586104260867222,0.0273685581193006,0.6289367622981465,0.3242021924939938,0.0,0.41170116356233805,0.5845041467008538,0.6433204966411933,0.6727701657361315,0.7059553019453779,0.7794222648103608,0.8639760264026426,0.7796026201819274,0.8970537860942296,0.8676198805020511,1.0477544215764372,1.0698319777932144,0.9448313091397101,0.8786203378767896,1.073507712330471,0.8051407208252221,1.1764864978963612,1.1323304184725906,,,0.0,-0.4358055078538234,-0.0768933818536977,0.6217710891735603,0.41022118414039377,0.94869738412579,1.1857338777275936,1.1088959924438262,0.4102877468047808,0.8974606589891969,1.0512736845087591,1.3908909985745797,1.4293479581369415,1.205151078169334,0.7436196888083236,1.384436761069315,0.7371737769557694,1.6088472472509885,1.557574934566753,,,0.21444016554706444,0.14119106038907558,0.0867619880502051,7.0,18,-0.24118684316124453,401.82990353129827,-0.06898014552639563,0.17469304597410745,127.97734608097866,-0.008945474273449477,-0.09718266051399475,-48.629672172006465,-0.02697102139043141,0.32653258386663814,85.13477474432534,-0.0012437812584285442
20071080461,2007,2005-2014,8768.67450129,50.37115455513174,-76.569161371557,0.2069333365110772,True,,0.4433337917509318,0.2364004552398545,0.4864000477632953,0.5133061626520085,0.0,0.07539737420851218,0.37640801973055177,-0.002063857464114072,0.2621029523520045,0.6411362833785076,0.18770566199951644,0.8163484881948302,0.6438657979436875,1.0623634713298196,0.8448692518767861,0.8151659027805546,0.7207362034141487,1.0922744307202197,1.0942633937298099,1.4214185621523177,0.7743559658630484,1.5604688912193716,1.2831545527664505,,,-0.0,7.39376016914378,5.368566153721254,7.533462086571979,4.175136902330461,31.130111748326136,-2.4970176194931453,-3.327225891852726,3.496149013059183,-5.236356289599561,-3.1038533829845156,5.339711440134782,-0.8970157020145817,-4.909946688453243,-6.007396031528839,-6.722973693658231,0.4366552390270502,-8.550626374688077,-6.946962651207348,,,-0.000687952488038024,0.1282272566757015,0.08448692518767861,7.0,18,-0.026034172875103862,-96.9084266520892,-0.05264513305676493,0.23884175142419353,-94.32236414849521,-0.012504748351585635,-0.007977080383547386,104.54313753973979,-0.02288015699865773,0.44143604200755565,105.44872859361855,0.006544480769925172
20071080492,2007,2005-2014,310.23465581,49.32606356026601,-76.4032325925473,0.6070274634739623,True,,0.5487847364562036,-0.0582427270177586,0.4800620172266952,0.4355947918229407,0.0,0.1288058804856791,0.3077664039543278,0.7299087374469226,0.5626625514091149,0.645744112256958,0.7230849233801089,0.8198058783890549,0.7942676005275704,0.9163461522080363,0.7879060517811453,1.0179324115854287,0.9678317681666414,0.8971192587929656,1.006594345915269,1.122336620647994,0.9680089436039014,1.1096546075884581,1.0579243202399247,,,0.0,-2.2915113887876446,-1.6692512953102112,-7.602685039829876,3.1577292215462127,2.937574014969596,5.886572961044906,3.774961839166355,4.4140739335604815,5.093594274998898,0.18137631621141873,4.8346739987069585,5.176884047063294,6.1517041401343935,7.2919474524914,7.727576479969119,0.7892223832160106,7.6402389668516815,7.465697832602012,,,0.24330291248230754,0.12914882245139161,0.07879060517811452,7.0,18,-0.10105587917824659,408.2087724444289,-0.0574754707539036,0.21687550337418848,148.59593337834528,-0.011196829062079017,-0.05319610125776854,93.0035510951475,-0.02572890519960832,0.3811003468462773,188.41514479427596,0.0005462695184300445
20071080506,2007,2005-2014,741.051196725,49.42403795674385,-75.52516484576161,0.251924459125392,True,,0.4043651157742831,0.1524406566488911,0.5213678607171445,0.321920620591019,0.0,-0.24841857492006164,-0.03896192776580128,0.4725492135916705,0.44165894070968764,0.41055134081158695,0.7515827973402819,1.0460943589769838,0.8914059680223417,1.356422497567894,1.169879576282196,1.3872609574209729,1.3259135178545103,1.4034037958406478,1.693466824879817,1.5119681126873348,1.58855252351714,1.0777399593494676,0.6580455811541419,,,0.0,-0.3116365356269156,-0.15485544217801855,-0.7804590294530641,1.1369067468986773,-1.1617329929916091,1.6859892564585202,1.4123677979549747,0.471786221418099,1.9209616971102548,1.5876490937522836,1.803174134389407,1.2947044147650222,1.7649417760905084,2.1554798497144207,1.490276402461578,1.8632013032262147,1.294376688369547,0.7256518135572497,,,0.15751640453055685,0.0821102681623174,0.1169879576282196,7.0,18,-0.12474183323363215,180.13368165806864,-0.061157911346801264,0.17917132657688808,15.456327384564588,-0.02207585666767728,-0.05636463128911249,133.54713466776093,-0.028116559620329468,0.39755841167976164,259.86530592770055,0.00037354894467105093
20071080572,2007,2005-2014,224.20862677,49.11142225814307,-75.52500060705644,0.2653857915221319,True,,0.435376251988686,0.1699904604665541,0.611407760897262,0.4235186758857484,0.0,0.3390415348008914,0.3541097452777179,0.36640851874050523,0.6193071056905675,0.6760157200655877,0.3994838596555619,0.8966283566088913,0.33447616206527353,0.7940875566487463,0.8539428808704153,0.8392263432035053,0.9997718639616766,0.7503865403214752,1.205341844340217,0.8865741070274491,0.7948812479825426,0.8233364428437908,0.7651763141571077,,,0.0,-1.7740713573085052,-0.4145450899087463,0.18861790025147515,0.35470356529154307,-4.2680944695861545,1.165199055821874,1.124687025691359,-1.1843597304944322,0.604955948835298,1.2899941889002693,1.1666062170597689,1.2489048499444875,0.6033679735490116,1.3739385375635473,0.33486485462183935,0.9790126416259805,0.9997272944683093,0.9587076665297785,,,0.12213617291350175,0.13520314401311756,0.08539428808704153,7.0,18,-0.13365329659503664,112.72355032986873,-0.05947186995259001,0.18057347311490374,21.805563370058188,-0.019878828966160285,-0.061107672815737854,69.67558426135005,-0.027067185540924753,0.3834905096106268,262.4370865979824,0.0009757205694054324
20091080312,2009,2005-2014,373.0390543,50.31946916776016,-76.4663729005741,0.1289238415966893,True,,0.4786811640870224,0.3497573224903331,0.5215719027570037,0.1150119446959559,0.0,-1.3026814580614048,-0.6353380306564452,0.4844706984535593,-0.3349100822031188,0.5746112449518738,0.21156994914028568,0.7257172367694399,0.149949642460479,0.18041373903233418,0.24155245803772113,0.2404130466081618,0.24031348750168052,0.8764317940412265,0.667192409991918,1.1201460614232217,1.089300097175748,,,,,0.0,0.308076342759999,0.8656225863783996,-1.0417480143874864,1.2783094054607034,0.9237795371559377,0.9327467835584062,1.316711566489541,0.933047242231853,1.0864584351123772,1.1530316473260032,1.1435946474769465,1.1917102034700022,1.3100048079492534,1.230329489397882,1.4344065585684391,1.4440728670070784,,,,,0.1614902328178531,0.11492224899037476,0.024155245803772114,13.0,16,0.5609860613726116,-288.9248143384684,0.04181691240643733,0.3856545591123993,-73.82704645953409,0.02698479579521834,0.12427923068907809,98.18703923714733,-0.0012037747241386483,0.5304590392227926,69.41478457553066,0.01944634041877768
20091080313,2009,2005-2014,456.953508197,49.19513783981149,-76.51748729336109,0.1835157716160421,True,,0.5097723462448801,0.3262565746288379,0.621272164114255,0.2442052223038809,0.0,0.38160873546987484,-0.9585709850244452,-0.3610144750647198,-0.3409739966495263,0.2973028506431029,0.4242853270916063,0.4894094370113009,0.23913727027115414,0.536480115555463,0.7663198146987745,-0.28265103209813036,1.0859165639992774,1.420278721414182,-0.2976337712188728,0.25631054578986295,0.2123807693991018,,,,,0.0,-0.4096276017669782,0.6113771990419447,-0.1000653950774963,0.9324235346526726,0.9835034109113874,1.0019668270962032,0.8806207577060183,0.040977527410907016,0.6343210030780366,0.8183698348390511,0.4448880634631237,1.2533637306382925,1.3750967728627383,-0.24855062539860978,1.1295593521665612,1.0669895929745492,,,,,-0.12033815835490659,0.059460570128620584,0.07663198146987746,12.0,16,0.6932754685125279,-455.86159075624954,0.0679502225598727,0.3713551315920587,-346.2190131408731,0.031839179987558204,0.17591353584239228,6.082023325789646,0.010768554078416079,0.487209913144426,69.92110367931797,0.01730896099071903
20091080336,2009,2005-2014,130.193924631,49.70096367907219,-76.36610701837654,0.0512146050499718,False,low_or_negative_dnbr,0.4008354999399215,0.3496208948899497,0.3847092503249882,0.2751014019323692,,,,,,,,,,,,,,,,,,,,,,,,,,,,,,,,,,,,,,,,,,,,,,,0,0.612146731851187,-325.95142770556885,0.05013922380145483,0.3696888708953123,-230.5956095388712,0.027742344188461037,0.14536835734971199,61.8547656359036,0.00217694644567874,0.49159193649384075,63.09402146938338,0.01805174117060859
20101080253,2010,2005-2014,21165.8385589,49.1377795589514,-75.80847886100877,0.2362987731137009,True,,0.4277385516830463,0.1914397785693454,0.3847945662024144,0.3163842164032556,0.0,0.06581090804240546,0.4214000557841192,0.4956046419201634,0.7931966288957574,0.437876690910597,0.9505556253345914,0.8512392260115318,1.0330099550279659,1.148822368711414,0.9668503023094835,1.2481280622934818,1.1652349309902783,1.0827350879802942,1.4216165273923385,0.9172102583842535,,,,,,0.0,1.2853533372180053,-3.083664690882024,4.596888685592149,3.1118943202592386,-0.0003443877484789715,3.22686531772727,4.597277942239368,4.539503286220033,4.597429422405405,4.482561203488465,4.825308887702017,3.7973745660444687,4.4259415935406,5.6246175343004365,3.96921575492463,,,,,,0.16520154730672112,0.0875753381821194,0.09668503023094835,6.0,15,0.3467261360843383,-239.54915144593716,0.025824711969284635,0.15994058224838623,-47.43926245064254,-0.002937497129914199,0.2437987084629797,194.58755017925776,0.00895481919147505,0.4846872709183697,235.5744089014049,0.013609956972690289
20101080282,2010,2005-2014,126.972741568,49.584108974722085,-77.25243334337027,0.3416817682870506,True,,0.5956987826990471,0.2540170144119965,0.5957402528460699,0.3379484005416439,0.0,0.35919742395997584,0.35964339704665216,0.46198611154970465,0.8282900594362428,0.8628957693146906,0.6134608188760756,0.8429944660363319,0.9115580984520611,0.8654131183337035,0.5165520467790614,1.000593210327363,1.0829804444050353,0.9283324903190067,1.1402698658362391,1.0712706617942995,,,,,,0.0,0.3952260520537744,0.19208677270484026,0.9855209819450947,1.6398964999347048,1.715733951632114,0.7579238533654521,1.2728964374517056,1.609753528790716,1.4387289039223787,-0.1518105378453001,1.7731147753229195,1.8997371345298744,1.5296538989907003,1.9119072692145815,1.7846591084559609,,,,,,0.15399537051656823,0.17257915386293812,0.051655204677906144,4.0,15,0.39478618695539325,-421.38947868535524,0.045942004129869034,0.173862293261827,-226.7138279904355,0.004037262677828118,0.23568340568726143,134.41313425725025,0.00692013377735029,0.4713383517979352,113.66744639131515,0.012895594473996833
20101080422,2010,2005-2014,267.205366515,48.53940658901292,-75.40228080078306,0.022677904482693,False,low_or_negative_dnbr,0.3452052278366083,0.3225273233539152,0.3964172017174529,0.0428380239843416,,,,,,,,,,,,,,,,,,,,,,,,,,,,,,,,,,,,,,,,,,,,,,,0,0.36797435097071735,-473.49640019674706,0.028776458982096565,0.15174188475677103,-9.719069295071472,-0.002993303417277138,0.2545613023509126,226.04694346612027,0.009651904867666442,0.4952346533623256,345.2835377221614,0.011812299863787614
20101080424,2010,2005-2014,501.909512724,48.52090527659622,-75.46880320258198,0.070558527620134,False,low_or_negative_dnbr,0.3223193183658306,0.2517607907456965,0.4001452546613352,0.134698013372164,,,,,,,,,,,,,,,,,,,,,,,,,,,,,,,,,,,,,,,,,,,,,,,0,0.37481297755586834,-480.3715998226365,0.030428546442363234,0.15319847254361818,-30.256237827681435,-0.002286953997827579,0.25408500404174034,202.87854964559605,0.01049626402677965,0.48975071239011003,326.81102207951847,0.013031567289832294
20121080192,2012,2005-2014,14213.7043145,48.35248391687705,-75.75936293477616,0.382816129973322,True,,0.4726831559244805,0.0898670259511585,0.3477106282158702,0.2461379352917244,0.0,0.20398937926107563,0.48468255769084606,0.44381917702968077,0.6377533658520127,0.7142727595706863,0.9335877040620267,1.0152112116301535,0.7907508868962679,1.056094780067515,1.0356782967594447,0.9029918327091631,1.2499774382319224,1.219228781115252,,,,,,,,0.0,1.8650097301578894,2.2877444289279265,0.07679269668102781,2.1528524455528735,3.672354223726701,4.249133031841847,4.3259380585467735,2.9799345424638246,4.5567644560168885,2.9032116216801436,3.1336357307396585,4.74903580749455,4.710560535205192,,,,,,,,0.14793972567656025,0.14285455191413726,0.10356782967594447,6.0,13,-0.24498942862299292,71.30847523602093,-0.0434817683249605,-0.3380308350957719,-35.584852365924746,-0.04146886660340704,0.2563041417539666,142.13436516605634,0.0001327195165221999,0.42678032101286567,323.96633210976603,0.0053269541613659615
20121080215,2012,2005-2014,137.485589104,48.71206308967646,-75.17018010983016,0.1630724208031816,True,,0.3723600711105563,0.2092876503073746,0.3031109029340068,0.146625237470508,0.0,0.33360075050944415,0.9107673333219183,1.2420809551396013,1.1475920519140452,1.2696441981356346,1.2931809555548495,1.5288235193412327,1.531562178574584,1.483747088391086,1.003753797008756,1.2440102581842019,1.5783835526204366,1.3135251801297558,,,,,,,,0.0,2.8199735839382947,3.2667938063337787,-0.37370100857167815,1.1994130889788353,3.542568958348875,3.4184651174885143,3.419051740051475,3.7200907627197886,3.319865623532402,0.5245926749957144,2.9938443250898614,3.320007659202768,2.7445626350025476,,,,,,,,0.41402698504653374,0.2539288396271269,0.1003753797008756,2.0,13,-0.18421982567091888,298.2245706610327,-0.04029695123376357,-0.3030876256417564,95.53133337427698,-0.03778402274048398,0.27362489631211206,367.6779317393202,0.0007715550209954098,0.46644345786393626,445.4796886369902,0.007856317886664469
20121080223,2012,2005-2014,132.922605716,47.89569547442708,-76.0831229161999,0.3368208067509572,True,,0.622053284812273,0.2852324780613157,0.572151560583607,0.3222520639235971,0.0,0.0860325658701628,0.20075055617782422,0.4782339343689375,0.6660430388454762,0.5286109721780748,0.7712733089159103,0.7747271126436143,0.6902402754322446,0.6199296957257142,0.6472069733275831,0.33844627223180074,0.7216220941779886,0.825772577516414,,,,,,,,0.0,0.6247714434298732,1.2210965011614523,-0.8286403812747091,1.7241340408165529,1.4222733676689363,1.7628797136520864,1.590677768772041,1.595253644112305,1.3591224328930802,0.7667002584686256,0.8739306313280326,1.5670853128779971,1.6999517193617435,,,,,,,,0.15941131145631252,0.10572219443561497,0.06472069733275831,13.0,13,-0.289932008641923,-4.229235807563474,-0.04488453760686173,-0.3367402288648769,-4.604591510151747,-0.039950163561513236,0.241166724559762,176.0022149765786,-0.002214025368018231,0.3896410268728967,275.7330034489174,0.0001479513764667683
20121080258,2012,2005-2014,152.014236871,49.56464265607353,-77.20244907849641,0.166181626613716,True,,0.4979845204489109,0.3318028938351949,0.2986328294983814,0.3561783089847173,0.0,-0.29370254198113965,0.5981924256339357,0.788164411488471,0.9262652545731506,0.7237946168127122,0.9352823339532998,0.8416562094553818,0.10174565215056783,0.9532566808522377,1.4768590760398324,1.088681095744685,1.5705424268991008,1.2755834451787882,,,,,,,,-0.0,-3.4817743898220597,-5.856963493072933,-6.468637345234353,-6.400452446446255,-3.8950001179617626,-6.010710549690322,-5.5926930281996485,1.8811821133493973,-6.335238021484288,-7.471792583769878,-2.8548612281335775,-7.437489326204334,-6.657298301589187,,,,,,,,0.262721470496157,0.14475892336254242,0.14768590760398323,4.0,13,-0.2178859509822916,53.62651051009158,-0.0486701825653437,-0.35889042960273354,329.02215316871326,-0.04883584229988168,0.2154566527564707,251.04157934306045,-0.011948823215310617,0.42922408848524224,232.23109101946633,0.0024740064798248157
20121080261,2012,2005-2014,395.276761125,48.713397405467376,-76.74501720198032,0.1463066054521484,True,,0.439551245628294,0.2932446401761456,0.3262003538246789,-0.2774947812274506,0.0,-0.2025033421268995,0.9981786340284897,0.9999122908288915,1.3994613897423078,0.8389979755817627,1.454518600317055,1.6651839593573732,0.5650454384125049,1.187466828317664,1.8532426753111007,0.2713967863389535,2.1273685463091514,1.6677689332761154,,,,,,,,0.0,1.543656796717233,1.310840376677075,1.4462025082742018,1.6407387232005008,1.5109652039769603,1.6210796850918447,1.6341593836998518,1.0966627624796461,1.5180660216997792,1.6661873413675259,0.5728758917914637,1.7892418618018937,1.6792259782157604,,,,,,,,0.33330409694296387,0.16779959511635253,0.18532426753111006,2.0,13,-0.28766326406726805,-93.34049828363503,-0.04743642599991057,-0.3680186057897027,-152.7688123567201,-0.04320387577983256,0.2234911821429823,34.02175220070268,-0.00563267695795315,0.4042918744790669,82.34231765881852,0.0029771599052752086
20121080337,2012,2005-2014,3035.6733183,48.675605742778,-76.948513534331,0.1424100543369015,True,,0.3808480643652167,0.2384380100283151,0.2246113805740515,0.0742724626760501,0.0,-0.2754553774430487,-0.31653976693993646,0.09466660923428169,0.34150609404374893,0.3145647174650426,0.5063570243838825,0.7804144499163285,0.533655386120323,0.8904435415602137,1.6035371571457084,1.1093554488234196,1.8780212478179574,1.657824962369806,,,,,,,,0.0,0.5843037625532974,2.428702458730022,3.1049670838418812,3.728217009234415,1.753443041480481,2.7149249261006028,3.4948749255866938,2.0910620289820856,3.000470800516085,4.013862876932163,2.2208940644375583,4.118053269628368,3.9617195236094283,,,,,,,,0.03155553641142723,0.06291294349300852,0.16035371571457085,9.0,13,-0.32251428552235595,-89.47880872211458,-0.0537742878936295,-0.38083267349157496,-126.76016895316886,-0.047144901985053576,0.21818562537696792,-4.386032486946664,-0.00689468307264641,0.38974443262052916,41.92421579328414,0.0007547676655042469
20171080074,2017,2015-2022,4070.02169474,50.03088144740307,-76.46905386681976,0.2812882953834025,True,,0.4941580507396359,0.2128697553562334,0.611305572740169,0.2480691882725234,0.0,-0.27769957476123486,0.1527929883187027,0.2500633164827527,0.09713441828421242,0.666843307346065,0.4581793295248322,0.819229144891494,0.7361545343879091,,,,,,,,,,,,,0.0,0.4407723390196245,0.5588547501056854,0.7526663908410759,0.8065448037650222,1.1507329131710426,0.9461209099468729,1.1616069414607837,1.1396769878236495,,,,,,,,,,,,,0.08335443882758424,0.133368661469213,,7.0,8,0.817455036503084,367.86125876734576,0.034245740224011,0.7776871802210956,99.58509351065364,0.023203385221144176,0.9937469280358016,116.96132096551683,0.041827889735491675,0.9937469280358016,116.96132096551683,0.041827889735491675
20171080077,2017,2015-2022,472.787379586,50.23320750246087,-76.02650229761024,0.2427279598723734,True,,0.3698928379234924,0.127164878051119,0.2948441363815095,0.3616511484408365,0.0,0.40090475184592406,0.8038598260384002,0.6423135086671617,0.8024434058576617,1.0623276094470409,0.7555267604514959,1.0936879366018155,0.7713882230081947,,,,,,,,,,,,,-0.0,-2.3348875212512588,-3.5774439189675853,-1.7054563379442491,-4.163346351675999,-4.654944841496966,0.05835649552561047,-4.247701644946984,-3.3831862061279128,,,,,,,,,,,,,0.21410450288905392,0.21246552188940818,,2.0,8,0.8070552049956543,280.7798377093416,0.041743607374541636,0.7765662973218171,76.45856583438822,0.028798641892399522,1.0041244705764822,82.15650959211018,0.04497380359637128,1.0041244705764822,82.15650959211018,0.04497380359637128
20181080368,2018,2015-2022,9754.2,49.08146623344832,-76.32053030991612,0.1601214065300739,True,,0.4863192969055658,0.3261978903754919,0.4589889968614494,0.4589470814121709,0.0,-1.3293774429581047,-0.5612701625701922,-0.48817525666004613,0.2923357359590582,-0.8052439780107551,-0.3050241068285861,-0.2443158715823533,,,,,,,,,,,,,,0.0,-1908.2747906457416,-4566.091263387212,746.2624313440178,4006.900866815454,-8480.515198084102,3123.004645598397,3681.9222839923004,,,,,,,,,,,,,,-0.16272508555334872,-0.16104879560215102,,,7,0.8122372024407828,382.8530578733351,0.0377477260462995,0.7876734045641534,255.56522314886575,0.028444660039853083,0.8542505896465608,302.57514225624436,0.025570916475732303,0.8542505896465608,302.57514225624436,0.025570916475732303
20191080072,2019,2015-2022,5019.4019279,49.230142356709706,-75.35725105185955,0.4628288334373298,True,,0.5918322483951173,0.1290034149577874,0.7324538665374644,0.4316310817635551,0.0,0.16861065200957917,0.46829329265963526,0.6790924165920447,0.5441308093088374,0.577990130568767,0.3836859768921961,,,,,,,,,,,,,,,0.0,0.25986261551262185,0.6752880214947192,0.7405260569441937,0.6622392424899773,0.7272615803849795,0.4156774821361195,,,,,,,,,,,,,,,0.22636413886401488,0.1155980261137534,,,6,0.9398926231036682,516.2470692595293,0.02509404477294867,1.1746711386475832,314.6145377423048,0.04091832714454294,1.0466769319077456,435.0884955621709,0.03345358739859736,1.0466769319077456,435.0884955621709,0.03345358739859736
20211080400,2021,2015-2022,437.789110201,48.53996825634037,-77.82705068146176,0.3478458432869377,True,,0.5292620624196973,0.1814162191327595,0.6972452491036728,0.3885943524349423,0.0,-0.33105714221318,0.010873808902750047,0.2596184457401346,0.40515826742330885,,,,,,,,,,,,,,,,,0.0,0.20377893950548434,0.2756872325250764,0.7086434604599006,0.819679177233284,,,,,,,,,,,,,,,,,0.0865394819133782,,,,4,0.7582362156559093,355.1606104279099,0.003791647007690664,0.6931278524767173,357.9042627249852,0.001424144576046473,,,,0.6931278524767173,357.9042627249852,0.001424144576046473
20231080245,2023,2023+,6254.35826371,48.45899314965766,-76.92219766169195,0.1015167689356291,True,,0.3651873525560222,0.263670583620393,0.4101641731515113,0.2129255537946246,0.0,-0.6355121514973875,-0.03829191755093152,,,,,,,,,,,,,,,,,,,0.0,1.6830693135471408,1.9604450609492365,,,,,,,,,,,,,,,,,,,,,,,2,0.8672291335542069,412.4083225432219,-0.0004740477040194001,,,,,,,0.8672291335542069,412.4083225432219,-0.0004740477040194001
20231080248,2023,2023+,6835.39579096,47.970908058064985,-75.78857208385215,0.226736252612144,True,,0.4980970972836039,0.2713608446714599,0.5916700673831536,0.4509490775385426,0.0,-0.17120678290939237,0.25824954895758306,,,,,,,,,,,,,,,,,,,0.0,0.2520159818665582,1.2774234849817172,,,,,,,,,,,,,,,,,,,,,,,2,0.9376457267337237,443.2437366332631,0.00590803379725425,,,,,,,0.9376457267337237,443.2437366332631,0.00590803379725425
20231080256,2023,2023+,4673.56850616,49.271854747638585,-76.920109764526,0.3008177347710344,True,,0.5761779269901918,0.2753601922191573,0.7402308421772205,0.4277422870874791,0.0,-0.14906828039034534,0.20788091464528727,,,,,,,,,,,,,,,,,,,0.0,0.4999379667746462,0.6874736393970048,,,,,,,,,,,,,,,,,,,,,,,2,0.9703236503592124,439.3624881619551,0.011646285206203498,,,,,,,0.9703236503592124,439.3624881619551,0.011646285206203498
20231080274,2023,2023+,59882.5607307,49.288271378448336,-75.53494583492473,0.2577876623914029,True,,0.4804716991240154,0.2226840367326125,0.6504051952293333,0.5039093148750626,0.0,-0.15175885557671043,0.030033262344590382,,,,,,,,,,,,,,,,,,,0.0,-0.21333046282447693,-0.20012647245258566,,,,,,,,,,,,,,,,,,,,,,,2,1.0529914572909163,753.5861588482176,0.0221553438229645,,,,,,,1.0529914572909163,753.5861588482176,0.0221553438229645
20231080297,2023,2023+,15186.4776252,48.0861695911077,-76.99734085665115,0.0370649530933136,False,low_or_negative_dnbr,0.2832110490326661,0.2461460959393524,0.308581909518192,0.1581488811906631,,,,,,,,,,,,,,,,,,,,,,,,,,,,,,,,,,,,,,,,,,,,,,,0,0.8589882987833201,-9.398699075705089,0.00033460441144385,,,,,,,0.8589882987833201,-9.398699075705089,0.00033460441144385
20231080314,2023,2023+,100959.934441,49.55081390958307,-76.89857538733148,0.2910291910549179,True,,0.5683761247801351,0.2773469337252172,0.7305004358217114,0.3417942574353141,0.0,-0.4563786136827082,-0.08056318147303211,,,,,,,,,,,,,,,,,,,0.0,0.49745837299962925,0.6381465792019545,,,,,,,,,,,,,,,,,,,,,,,2,0.995776143589036,595.7406863822557,0.00494466231550765,,,,,,,0.995776143589036,595.7406863822557,0.00494466231550765
20231080344,2023,2023+,346475.642853,48.910668401799335,-76.39295136002688,0.2500293352901941,True,,0.4883032722494516,0.2382739369592574,0.5898490256832589,0.2382643883185708,0.0,-0.031191694849200497,0.2500233980111304,,,,,,,,,,,,,,,,,,,0.0,0.9333669285130289,1.0444972666395642,,,,,,,,,,,,,,,,,,,,,,,2,0.9875662364882711,494.59685989450213,0.0146754165944333,,,,,,,0.9875662364882711,494.59685989450213,0.0146754165944333
20231080370,2023,2023+,1970.01515506,49.2401755575132,-75.3177908737874,0.3537847757218492,True,,0.5762380122445632,0.2224532365227139,0.6973413733590812,0.5059654151282803,0.0,0.27101559904467926,0.3151979365893651,,,,,,,,,,,,,,,,,,,0.0,0.40710171657517097,0.4075047429406944,,,,,,,,,,,,,,,,,,,,,,,2,1.0563244202981457,723.1118813437674,0.0266930657335181,,,,,,,1.0563244202981457,723.1118813437674,0.0266930657335181
20231080372,2023,2023+,1972.80973855,48.76999807357943,-75.24119861778657,0.3241821856948518,True,,0.5136975013056058,0.189515315610754,0.7168008771744803,0.4004776262803218,0.0,-0.036515719600146976,0.27697072906163145,,,,,,,,,,,,,,,,,,,0.0,0.1973176141831133,0.5433026232584481,,,,,,,,,,,,,,,,,,,,,,,2,1.0590066594202039,818.7652097299083,0.02279527576265035,,,,,,,1.0590066594202039,818.7652097299083,0.02279527576265035
20231080373,2023,2023+,17532.6549894,48.91120605817862,-75.18564142374618,0.250081985842717,True,,0.4961059827006132,0.2460239968578961,0.6659896699197327,0.5488206386148515,0.0,-0.31222351836604717,0.008145025993243953,,,,,,,,,,,,,,,,,,,0.0,-0.53314273604829,-0.16687225470689004,,,,,,,,,,,,,,,,,,,,,,,2,1.0572176472563046,735.464373529435,0.02210515682864445,,,,,,,1.0572176472563046,735.464373529435,0.02210515682864445
20231080382,2023,2023+,1542.08456452,48.30730490729245,-76.11190348056473,0.238427909537662,True,,0.4433681851820182,0.2049402756443562,0.5568082074035215,0.4472551232318677,0.0,0.21333061649581642,0.5905825811950339,,,,,,,,,,,,,,,,,,,0.0,1.176434060507951,1.818949044448574,,,,,,,,,,,,,,,,,,,,,,,2,0.964965997426956,566.7251037343501,0.01110417671222275,,,,,,,0.964965997426956,566.7251037343501,0.01110417671222275
20231080449,2023,2023+,28551.5522298,49.17581519180894,-75.11939624118394,0.3339651366772231,True,,0.5566346808416992,0.222669544164476,0.6503885928205323,0.5430175675208997,0.0,0.023365068237711527,0.15787833459593703,,,,,,,,,,,,,,,,,,,0.0,-0.2369950032191742,0.1269861295439637,,,,,,,,,,,,,,,,,,,,,,,2,1.0531330001486559,629.3082091949092,0.02280028509947945,,,,,,,1.0531330001486559,629.3082091949092,0.02280028509947945
20231080481,2023,2023+,623.271076977,49.03908526771719,-75.32500332369678,0.1483641441775262,True,,0.4433617447967761,0.2949976006192499,0.5018241838934956,0.6190850510630344,0.0,-2.027985337791811,-1.0807165541765562,,,,,,,,,,,,,,,,,,,-0.0,1.831705655707582,1.53393218117499,,,,,,,,,,,,,,,,,,,,,,,2,1.0536222872680363,797.2588333593663,0.02362350227213375,,,,,,,1.0536222872680363,797.2588333593663,0.02362350227213375
20231080488,2023,2023+,31040.8922428,50.22278408257616,-78.00687702738651,0.139450765946419,True,,0.4266953328977708,0.2872445669513517,0.5017759875370628,0.5909585476153624,0.0,-0.5889422827073941,0.026545724614935578,,,,,,,,,,,,,,,,,,,-0.0,0.4834547321495373,0.2439482066111755,,,,,,,,,,,,,,,,,,,,,,,2,1.1847482080044731,437.20355715215396,0.035139977575265643,,,,,,,1.1847482080044731,437.20355715215396,0.035139977575265643
20231080496,2023,2023+,134.245907413,48.58976346575416,-75.77846039238489,0.1886113188335483,True,,0.4945437074231851,0.3059323885896368,0.6460161053011259,0.2985983083650206,0.0,-0.3273871647914314,0.066283287302621,,,,,,,,,,,,,,,,,,,0.0,0.6075140691020953,0.8561928384235703,,,,,,,,,,,,,,,,,,,,,,,2,1.0024721392110933,822.8592844517057,0.0204813378357117,,,,,,,1.0024721392110933,822.8592844517057,0.0204813378357117
20231080535,2023,2023+,18425.5733451,50.23455001941861,-77.96864610816586,0.1798848262211204,True,,0.5020212338423552,0.3221364076212348,0.6427773049337028,0.6193587213325057,0.0,-0.5642576102895747,-0.13037056349337342,,,,,,,,,,,,,,,,,,,0.0,-3.192911333052083,-3.0152510105155828,,,,,,,,,,,,,,,,,,,,,,,2,1.1922316194156473,456.41095354144977,0.0350803177634497,,,,,,,1.1922316194156473,456.41095354144977,0.0350803177634497
